{"cameraMode":{"drawMode":0,"name":"Shaded","section":"Shading Mode"},"sceneLighting":false,"audioPlay":false,"sceneViewState":{"m_AlwaysRefresh":false,"showFog":true,"showSkybox":false,"showFlares":true,"showImageEffects":true,"showParticleSystems":true,"showVisualEffectGraphs":true,"m_FxEnabled":true},"in2DMode":false,"pivot":{"x":109.492431640625,"y":30.700000762939454,"z":0.7956647872924805},"rotation":{"x":-0.22633004188537599,"y":0.006426197476685047,"z":-0.0014918807428330184,"w":-0.9740443825721741},"size":5.587857246398926,"orthographic":false}